Type,Name,Request Count,Failure Count,Median Response Time,Average Response Time,Min Response Time,Max Response Time,Average Content Size,Requests/s,Failures/s,50%,66%,75%,80%,90%,95%,98%,99%,99.9%,99.99%,100%
GET,/integration/0/3.1/integral/0/3.1,52603,52603,270.0,246.1417302255006,83.04945100007899,4173.782034999931,207.0,293.5093249228704,293.5093249228704,270,290,300,310,330,360,510,660,1500,1600,4200
,Aggregated,52603,52603,270.0,246.1417302255006,83.04945100007899,4173.782034999931,207.0,293.5093249228704,293.5093249228704,270,290,300,310,330,360,510,660,1500,1600,4200
